"You know if you would just do as I say I wouldn't have to hurt you.","Amanda Stephan ,The Price of Trust",Evil
"No evil dooms us hopelessly except the evil we love, and desire to continue in, and make no effort to escape from.","George Eliot, Daniel Deronda", Evil
"The world is a dangerous place to live, not because of the people who are evil, but because of the people who don't do anything about it","Albert Einstein",Evil
"It is as inhuman to be totally good as it is to be totally evil","Anthony Burgess, A Clockwork Orange", Evil
"Nothing is easier than to denounce the evildoer; nothing is more difficult than to understand him.","Fyodor Dostoevsky", Evil
"May the forces of evil become confused on the way to your house.","George Carlin", Evil
"Man is the cruelest animal.","Friedrich Nietzsche", Evil
"When I despair, I remember that all through history the way of truth and love have always won. There have been tyrants and murderers, and for a time, they can seem invincible, but in the end, they always fall. Think of it--always.","Mahatma Gandhi", Evil
"The world is a dangerous place to live, not because of the people who are evil, but because of the people who don't do anything about it.","Albert Einstein", Evil
"There were moments when he looked on evil simply as a mode through which he could realize his conception of the beautiful.","Oscar Wilde, The Picture of Dorian Gray", Evil
"The world is a dangerous place to live, not because of the people who are evil, but because of the people who don't do anything about it.","Albert Einstein", Evil
"The only thing necessary for the triumph of evil is for good men to do nothing.","Edmund Burke",Evil
"We all have a Monster within; the difference is in degree, not in kind.","Douglas Preston, The Monster of Florence",Evil
"Knowledge is power. Power to do evil...or power to do good. Power itself is not evil. So knowledge itself is not evil.","Veronica Roth, Allegiant",Evil
"Evil begins when you begin to treat people as things.","Terry Pratchett, I Shall Wear Midnight",Evil
"No social stability without individual stability.","Aldous Huxley, Brave New World",Society
"When the whole world is crazy, it doesn't pay to be sane.","Terry Goodkind, The Pillars of Creation", Society
"The dumbing down of the country reflects itself on Broadway. The shows get dumber, and the public gets used to them.","Stephen Sondheim",Society
"Solitude is fine but you need someone to tell that solitude is fine.","Honoré de Balzac", Society
"The fear of appearances is the first symptom of impotence.","Fyodor Dostoevsky, Crime and Punishment",Society
"Solitude is fine but you need someone to tell that solitude is fine.","Honoré de Balzac",Society
"In individuals, insanity is rare; but in groups, parties, nations and epochs, it is the rule.","Friedrich Nietzsche",Society
"The unhappiest people in this world, are those who care the most about what other people think.","C. JoyBell C.",Society
"If the misery of the poor be caused not by the laws of nature, but by our institutions, great is our sin.","Charles Darwin",Society
"The only stable state is the one in which all men are equal before the law.","Aristotle",Society
"In individuals, insanity is rare; but in groups, parties, nations and epochs, it is the rule.","Friedrich Nietzsche",Society
"It is no measure of health to be well adjusted to a profoundly sick society.","J. Krishnamurti",Society
"Yeah, I love being famous. It's almost like being white, y'know?","Chris Rock",Society
"It is presumptuous to draw conclusions about a person from what one has heard.","Jude Morgan, Indiscretion",Society
"Civilized men are more discourteous than savages because they know they can be impolite without having their skulls split, as a general thing.","Robert E. Howard",Society
"What difference does it make to the dead, the orphans and the homeless, whether the mad destruction is wrought under the name of totalitarianism or in the holy name of liberty or democracy?","Mahatma Gandhi", Society
"When the whole world is crazy, it doesn't pay to be sane.","Terry Goodkind, The Pillars of Creation",Society
"When we change the way we communicate, we change society","Clay Shirky, Here Comes Everybody: The Power of Organizing Without Organizations",Society
"Almost all people have this potential for evil, which would be unleashed only under certain dangerous social circumstances.","Iris Chang, The Rape of Nanking",Society
"A revolution is not a bed of roses. A revolution is a struggle between the future and the past.","Fidel Castro",Society
"Gossip, as usual, was one-third right and two-thirds wrong.","L.M. Montgomery, Chronicles of Avonlea",Truth
"The truth is rarely pure and never simple.","Oscar Wilde, The Importance of Being Earnest",Truth
"Truth is a matter of the imagination.","Ursula K. Le Guin, The Left Hand of Darkness",Truth
"A lie can travel half way around the world while the truth is putting on its shoes.","Mark Twain",Truth
"Men occasionally stumble over the truth, but most of them pick themselves up and hurry off as if nothing had happened.","Winston S. Churchill",Truth
"If you tell the truth, you don't have to remember anything.","Mark Twain",Truth
"The reason I talk to myself is because I’m the only one whose answers I accept.","George Carlin",Truth
"The truth is rarely pure and never simple.","George R.R. Martin, A Clash of Kings",Truth
"There are two ways to be fooled. One is to believe what isn't true; the other is to refuse to believe what is true.","Soren Kierkegaard",Truth
"Without deviation from the norm, progress is not possible.","Frank Zappa",Progress
"I believe that we are all born for greatness yet most of us mire in the mediocrity of life. We become complacent or worse, discouraged and stagnate. We damn ourselves by not progressing.","Toni Sorenson",Progress
"Any technology distinguishable from magic is insufficiently advanced.","Barry Gehm",Progress
"Never restart a journey and use the same road that failed you before.","Dennis E. Adonis",Progress
"Never confuse movement with action.","Ernest Hemingway",Progress
"Without deviation from the norm, progress is not possible.","Frank Zappa",Progress
"I don't know where I'm going, but I'm on my way.","Carl Sandburg",Progress
"Never confuse movement with action.","Ernest Hemingway",Progress
"I am a slow walker, but I never walk back.","Abraham Lincoln",Progress
"Progress is not an illusion; it happens, but it is slow and invariably disappointing.","George Orwell",Progress
"Being good is easy, what is difficult is being just.","Victor Hugo",Justice
"I don't want tea, I want justice!","Ally Carter, Uncommon Criminals",Justice
"It is better to risk saving a guilty person than to condemn an innocent one.","Voltaire, Zadig et autres contes",Justice
"Right is right even if no one is doing it; wrong is wrong even if everyone is doing it.","Saint Augustine",Justice
"There may be times when we are powerless to prevent injustice, but there must never be a time when we fail to protest.","Elie Wiesel",Justice
"To be wealthy and honored in an unjust society is a disgrace.","Confucius, The Analects",Justice
"I should like to be able to love my country and still love justice.","Albert Camus",Justice
"The rape of justice anywhere, violates justice everywhere. ","Colin Tegerdine",Justice
"An unjust law, is no law at all.","Martin Luther",Justice
"Never pray for justice, because you might get some.","Margaret Atwood, Cat's Eye",Justice
"Truth never damages a cause that is just.","Mahatma Gandhi",Justice
"Justice will not be served until those who are unaffected are as outraged as those who are.","Benjamin Franklin",Justice
"Right is right, even if everyone is against it, and wrong is wrong, even if everyone is for it.","William Penn",Justice
"A good act does not wash out the bad, nor a bad act the good. Each should have its own reward.","George R.R. Martin, A Clash of Kings",Justice
"But men often mistake killing and revenge for justice. They seldom have the stomach for justice.","Robert Jordan",Justice
"There may be times when we are powerless to prevent injustice, but there must never be a time when we fail to protest.","Elie Wiesel",Justice
"Ladies who play with fire must remember that smoke gets in their eyes.","Mae West",Justice
"If you tremble with indignation at every injustice then you are a comrade of mine.","Ernesto Che Guevara",Justice
"Each of us is more than the worst thing we’ve ever done.","Bryan Stevenson, Just Mercy: A Story of Justice and Redemption",Justice
"Right is right, even if everyone is against it, and wrong is wrong, even if everyone is for it.","William Penn",Justice
"I don’t think there’s anything wrong with telling the truth. I know it isn’t fashionable.","Craig Ferguson",Mortality
"Never do anything that you can't admit doing, because if you are that ashamed of whatever it is, it's probably wrong.","Ashly Lorenzana",Mortality
"Ethics and I had crossed paths recently, and I’m not sure that I fell on the right side of the morality line.","S.C. Stephens, Effortless",Mortality
"Each man must grant himself the emotions that he needs and the morality that suits him. ","Remy De Gourmont",Mortality
"You ask 'Are you a man or a demon?' Neither, I say. I have woken up, and the rest of you are sleeping, and that is the only difference between us.","Aravind Adiga, The White Tiger",Mortality
"There is perhaps no phenomenon which contains so much destructive feeling as 'moral indignation,' which permits envy or hate to be acted out under the guise of virtue","Erich Fromm, Man for Himself: An Inquiry into the Psychology of Ethics",Vice
"He who profits by villainy, has perpetrated it","lain Pears, An Instance of the Fingerpost",Vice
"Here's a rule I recommend: Never practice two vices at once","Tallulah Bankhead",Vice
"Death always knew how to connect vice with misfortune","Jindrich Styrsky, Emilie prichazi ke mne ve snu",Vice
"Men's evil manners live in brass; their virtue we write in water","William Shakespeare, Henry VIII",Vice
"He has all the virtues I dislike and none of the vices I admire.","Winston S. Churchill, Wealth, War, and Wisdom",Vice
"No one gossips about other people’s secret virtues.","Bertrand Russell, On Education",Vice
"I haven't a particle of confidence in a man who has no redeeming petty vices whatsoever.","Mark Twain, Stories", Vice
"Twas doing nothing was his curse. Is there a vice can plague us worse?","Hannah More",Vice
"There is not a crime, there is not a dodge, there is not a trick, there is not a swindle, there is not a vice which does not live by secrecy.","Joseph Pulitzer",Vice
"When one's unconscious is full of vice, nothing realizes inner potential like hypocrisy.","Bauvard, The Prince Of Plungers",Vice
"Only the virtuous can count on life, the pursuer of evil can only ever count on death.","Travis Berketa, Dark Heart: Angels in the City",Vice
"Men are more easily governed through their vices than through their virtues.","Napoleon Bonaparte",Vice
"Never try to lock the virtue’s door with the key of vice. It may lock forever; never to be opened again","Munia Khan",Vice
"To be proud of virtue, is to poison yourself with the Antidote.","Benjamin Franklin",Vice
"Be at war with your vices, at peace with your neighbors, and let every new year find you a better man.","Benjamin Franklin",Vice
"It has been my experience that folks who have no vices have very few virtues.","Abraham Lincoln",Vice
"No one gossips about other people’s secret virtues.","Bertrand Russell, On Education",Vice
"The inherent vice of capitalism is the unequal sharing of blessings; the inherent vice of socialism is the equal sharing of miseries.","Winston Churchill",Vice
"In order to know virtue, we must first acquaint ourselves with vice.","Marquis de Sade",Vice
"When a man cannot choose, he ceases to be a man.","Anthony Burgess, A Clockwork Orange",Choice
"My mother's menu consisted of two choices: Take it or leave it.","Buddy Hackett",Choice
"Love is a choice you make from moment to moment.","Barbara De Angelis",Choice
"There are no safe choices. Only other choices.","Libba Bray, A Great and Terrible Beauty",Choice
"Beliefs are choices. First you choose your beliefs. Then your beliefs affect your choices.","Roy T. Bennett",Choice
"Although goals are important, having a plan of action is vital to the success of those goals. Having a goal with no plan of action is like wanting to travel to a new destination without having a map.","Steve Maraboli, Life, the Truth, and Being Free",Choice
"To say you have no choice is to relieve yourself of responsibility.","Patrick Ness, Monsters of Men",Choice
"This I choose to do. If there is a price, this I choose to pay. If it is my death, then I choose to die. Where this takes me, there I choose to go. I choose. This I choose to do.","Terry Pratchett, Wintersmith",Choice
"The history of free men is never written by chance but by choice - their choice.","Dwight D. Eisenhower",Choice
"He often felt that too many people lived their lives acting and pretending, wearing masks and losing themselves in the process.","Nicholas Sparks, The Choice",Choice
"We are what we pretend to be, so we must be careful about what we pretend to be.","Kurt Vonnegut, Mother Night",Choice
"Two roads diverged in a wood, and I - I took the one less traveled by, And that has made all the difference.","Robert Frost",Choice
"Once you realize you deserve a bright future, letting go of your dark past is the best choice you will ever make.","Roy T. Bennett, The Light in the Heart",Choice
"I have seen the best of you, and the worst of you, and I choose both.","Sarah Kay",Choice
"You can have peace. Or you can have freedom. Don't ever count on having both at once.","Robert A. Heinlein",Choice
"I object to violence because when it appears to do good, the good is only temporary; the evil it does is permanent.","Mahatma Gandhi",Violence
"Any intelligent fool can make things bigger, more complex, and more violent. It takes a touch of genius — and a lot of courage to move in the opposite direction.","E.F. Schumacher",Violence
"If I have to beat you up to keep you safe, that’s just what I’ll do. It’s this kind of regard for others that makes me believe I’d be a good politician.","Jarod Kintz, The Days of Yay are Here! Wake Me Up When They're Over.",Violence
"Violence is the last refuge of the incompetent.","Isaac Asimov, Foundation",Violence
"We fear violence less than our own feelings. Personal, private, solitary pain is more terrifying than what anyone else can inflict.","
Jim Morrison",Violence
"All violence is the result of people tricking themselves into believing that their pain derives from other people and that consequently those people deserve to be punished.","Marshall B. Rosenberg",Violence
"The most dangerous men on earth are those who are afraid they are wimps.","James Gilligan",Violence
"Sometimes you have to pick the gun up to put the Gun down.","Malcom X",Violence
"Violence is a disease, a disease that corrupts all who use it regardless of the cause.","Chris Hedges",Violence
"To break the silence the old man said the first thing that came to his mind: ""Loneliness is a type of violence.""","Jonathan Messinger, Hiding Out",Violence
"When someone says something offensive and I want to voice my opinion, I hire a spokesman to beat that person up.","Benson Bruno",Violence
"Violence is not only impractical but immoral.","Martin Luther King Jr.",Violence
"If everyone who had a gun just shot themselves, there wouldn't be a problem.","George Harrison",Violence
"I object to violence because when it appears to do good, the good is only temporary; the evil it does is permanent.","Mahatma Gandhi",Violence
"Those who make peaceful revolution impossible will make violent revolution inevitable.","John F. Kennedy",Violence
"Violence is the last refuge of the incompetent.","Isaac Asimov, Foundation",Violence
"Peace cannot be achieved through violence, it can only be attained through understanding.","Ralph Waldo Emerson",Violence
"Those who make peaceful revolution impossible will make violent revolution inevitable.","John F. Kennedy",Violence
"We sleep safely at night because rough men stand ready to visit violence on those who would harm us.","Sinston S. Churchill",Violence
"The choice is not between violence and nonviolence but between nonviolence and nonexistence.","Martin Luther King Jr.",Violence
"Honesty, like any inclination, can become a ruling passion, a monomania almost.","Sena Jeter Naslund, Ahab's Wife, or The Star-Gazer",Virtue
"Courage is the most important of all the virtues because without courage, you can't practice any other virtue consistently.","Maya Angelou",Virtue
"The good die young - because they see it's no use living if you've got to be good.","John Barrymore",Virtue
"The problem with people who have no vices is that generally you can be pretty sure they're going to have some pretty annoying virtues.","Elizabeth Taylor",Virtue
"Every one suspects himself of at least one of the cardinal virtues, and this is mine: I am one of the few honest people that I have ever known.","F. Scott Fitzgerald, The Great Gatsby",Virtue
"Some people with great virtues are disagreeable, while others with great vices are delightful.","François de La Rochefoucauld",Virtue
"The good die young - because they see it's no use living if you've got to be good.","John Barrymore",Virtue
"Only the virtuous can count on life, the pursuer of evil can only ever count on death.","Travis Berketa, Dark Heart: Angels in the City",Virtue
"Make foes of bowmen if you must, Never of penmen.","Thiruvalluvar, Kural",Virtue
"Humanity is not perfect in any fashion; no more in the case of evil than in that of good. The criminal has his virtues, just as the honest man has his weaknesses","Pierre Choderlos de Laclos, Les Liaisons dangereuses",Virtue
"When I'm good, I'm very good, but when I'm bad, I'm better.","Mae West",Virtue
"Don’t give people what they want, give them what they need.","Joss Whedon",Virtue
"The virtuous man contents himself with dreaming that which the wicked man does in actual life.","Sigmund Freud, The Interpretation of Dreams",Virtue
"It isn't enough to stand up and fight darkness. You've got to stand apart from it, too. You've got to be different from it.","Jim Butcher, Fool Moon",Virtue
"Few men have virtue to withstand the highest bidder.","George Washington",Virtue
"The first duty of a man is to think for himself.","Jose Marti",Politics
"I would rather be exposed to the inconveniences attending too much liberty than to those attending too small a degree of it.","Thomas Jefferson",Politics
"Every society has the criminals it deserves.","Emma Goldman, Red Emma Speaks.",Politics
"There is a cult of ignorance in the United States, and there has always been. The strain of anti-intellectualism has been a constant thread winding its way through our political and cultural life, nurtured by the false notion that democracy means that 'my ignorance is just as good as your knowledge.'","Issac Asimov",Politics
"In my many years I have come to a conclusion that one useless man is a shame, two is a law firm, and three or more is a congress.","Peter Stone",Politics
"Patriotism is, fundamentally, a conviction that a particular country is the best in the world because you were born in it...","George Bernard Shaw",Politics
"You show me a capitalist, and I'll show you a bloodsucker.","Malcolm X",Politics
"A nation of sheep will beget a government of wolves.","Edward R. Murrow",Politics
"Absolute power does not corrupt absolutely, absolute power attracts the corruptible.","Frank Herbert",Politics
"Just because you do not take an interest in politics doesn't mean politics won't take an interest in you. ","Pericles",Politics
"You're not to be so blind with patriotism that you can't face reality. Wrong is wrong, no matter who does it or says it.","Malcolm X, By Any Means Necessary",Politics
"Politics is the art of looking for trouble, finding it everywhere, diagnosing it incorrectly and applying the wrong remedies","Groucho Marx",Politics
"What difference does it make to the dead, the orphans and the homeless, whether the mad destruction is wrought under the name of totalitarianism or in the holy name of liberty or democracy?","Mahatma Gandhi",Politics
"The smallest minority on earth is the individual. Those who deny individual rights cannot claim to be defenders of minorities.","Ayn Rand",Politics
"One of the penalties of refusing to participate in politics is that you end up being governed by your inferiors.","Plato",Politics
"Our great democracies still tend to think that a stupid man is more likely to be honest than a clever man, and our politicians take advantage of this prejudice by pretending to be even more stupid than nature made them.","Bertrand Russell",Politics
"Loyalty to country ALWAYS. Loyalty to government, when it deserves it.","Mark Twain",Politics
"Society is like a stew. If you don't stir it up every once in a while then a layer of scum floats to the top.","Edward Abbey",Politics
"My concern is not whether God is on our side, my greatest concern is to be on God's side, for God is always right.","Abraham Lincoln",Politics
"He knows nothing; and he thinks he knows everything. That points clearly to a political career.","George Bernard Shaw",Politics
"If we surrendered to earth's intelligence we could rise up rooted, like trees.","Rainer Maria Rilke, Rainer Maria Rilke's the Book of Hours: A New Translation with Commentary",Nature
"To sit in the shade on a fine day, and look upon verdure is the most perfect refreshment.","Jane Austen",Nature
"Earth and sky, woods and fields, lakes and rivers, the mountain and the sea, are excellent schoolmasters, and teach some of us more than we can ever learn from books.","John Lubbock",Nature
"The mountains are calling and I must go.","John Muir",Nature
"Live in each season as it passes; breathe the air, drink the drink, taste the fruit, and resign yourself to the influence of the earth.","Henry David Thoreau, Walden",Nature
"The clearest way into the Universe is through a forest wilderness.","John Muir",Nature
"Not just beautiful, though--the stars are like the trees in the forest, alive and breathing. And they're watching me.","Haruki Murakami, Kafka on the Shore",Nature
"In the spring, at the end of the day, you should smell like dirt.","Margaret Atwood, Bluebeard's Egg",Nature
""Adopt the pace of nature: her secret is patience."","Ralph Waldo Emerson",Nature
"Live in each season as it passes; breathe the air, drink the drink, taste the fruit, and resign yourself to the influence of the earth.","Henry David Thoreau, Walden",Nature
"We cannot be sure of having something to live for unless we are willing to die for it.","Ernesto Guevara",Passion
"There is scarcely any passion without struggle.","Albert Camus, The Myth of Sisyphus and Other Essays",Passion
"The true soldier fights not because he hates what is in front of him, but because he loves what is behind him.","G.K. Chesterton",Passion
"My fault, my failure, is not in the passions I have, but in my lack of control of them.","Jack Kerouac",Passion
"A great fire burns within me, but no one stops to warm themselves at it, and passers-by only see a wisp of smoke.","Vincent Van Gogh",Passion
"The true soldier fights not because he hates what is in front of him, but because he loves what is behind him.","G.K. Chesterton",Passion
"My fault, my failure, is not in the passions I have, but in my lack of control of them.","Jack Kerouac",Passion
"Be the flame, not the moth.","Giacomo Casanova",Passion
"What Reason weaves, by Passion is undone.","Alexander Pope",Passion
"A great fire burns within me, but no one stops to warm themselves at it, and passers-by only see a wisp of smoke.","Vincent Van Gogh",Passion
"Graffiti is one of the few tools you have if you have almost nothing. And even if you don't come up with a picture to cure world poverty you can make someone smile while they're having a piss.","Banksy, Banging Your Head Against a Brick Wall",Art
"Deliver me from writers who say the way they live doesn't matter. I'm not sure a bad person can write a good book. If art doesn't make us better, then what on earth is it for.","Alice Walker",Art
"The art of art, the glory of expression and the sunshine of the light of letters, is simplicity.","Walt Whitman",Art
"A line is a dot that went for a walk.","Paul Klee",Art
"If it weren't for greed, intolerance, hate, passion and murder, you would have no works of art, no great buildings, no medical science, no Mozart, no Van Gough, no Muppets and no Louis Armstrong.","Jasper Fforde, The Big Over Easy",Art
"Modern paintings are like women, you'll never enjoy them if you try to understand them.","Freddie Mercury",Art
"Art is the only serious thing in the world. And the artist is the only person who is never serious.","Oscar Wilde",Art
"Art washes away from the soul the dust of everyday life.","Pablo Picasso",Art
"The human body is the best work of art.","Jess C. Scott",Art
"We have art in order not to die of the truth.","Friedrich Nietzsche",Art
"All art is quite useless.","Oscar Wilde, The Picture of Dorian Gray",Art
"There is no abstract art. You must always start with something. Afterward you can remove all traces of reality.","Pablo Picasso",Art
"The absence of limitations is the enemy of art.","Orson Welles",Art
"A painter should begin every canvas with a wash of black, because all things in nature are dark except where exposed by the light.","Leonardo da Vinci",Art
"Art is not what you see, but what you make others see.","Edgar Degas",Art
"Art is the only serious thing in the world. And the artist is the only person who is never serious.","Oscar Wilde",Art
"Eleanor was right. She never looked nice. She looked like art, and art wasn't supposed to look nice; it was supposed to make you feel something.","Rainbow Rowell, Eleanor & Park",Art
"Painting is poetry that is seen rather than felt, and poetry is painting that is felt rather than seen.","Leonardo da Vinci",Art
"Art is the lie that enables us to realize the truth.","Pablo Picasso",Art
"I dream my painting and I paint my dream.","Vincent Willem van Gogh",Art
"Those who surrender freedom for security will not have, nor do they deserve, either one.","Benjamin Franklin",Freedom
"Freedom is not worth having if it does not include the freedom to make mistakes.","Mahatma Gandhi",Freedom
"If freedom of speech is taken away, then dumb and silent we may be led, like sheep to the slaughter.","George Washington",Freedom
"A people that values its privileges above its principles soon loses both.","Dwight D. Eisenhower",Freedom
"Lock up your libraries if you like; but there is no gate, no lock, no bolt that you can set upon the freedom of my mind.","Virginia Woolf, A Room of One's Own",Freedom
"The advancement and diffusion of knowledge is the only guardian of true liberty.","James Madison",Freedom
"Freedom is not something that anybody can be given. Freedom is something people take, and people are as free as they want to be.","James Baldwin",Freedom
"If we don't believe in freedom of expression for people we despise, we don't believe in it at all.","Noam Chomsky",Freedom
"A man can be himself only so long as he is alone; and if hes does not love solitude, he will not love freedom; for it is only when he is alone that he is really free.","Arthur Schopenhauer, Essays and Aphorisms",Freedom
"Man is condemned to be free; because once thrown into the world, he is responsible for everything he does. It is up to you to give [life] a meaning.","Jean-Paul Sartre",Freedom
"The most loving parents and relatives commit murder with smiles on their faces. They force us to destroy the person we really are: a subtle kind of murder.","Jim Morrison",Freedom
"Most people do not really want freedom, because freedom involves responsibility, and most people are frightened of responsibility.","Sigmund Freud, Civilization and Its Discontents",Freedom
"They who can give up essential liberty to obtain a little temporary safety deserve neither liberty nor safety.","Benjamin Franklin, Memoirs of the life &amp; writings of Benjamin Franklin",Freedom
"The most courageous act is still to think for yourself. Aloud.","Coco Chanel",Freedom
"When a man is denied the right to live the life he believes in, he has no choice but to become an outlaw.","Nelson Mandela",Freedom
"You can have peace. Or you can have freedom. Don't ever count on having both at once.","Robert A. Heinlein",Freedom
"When I discover who I am, I’ll be free.","Ralph Ellison, Invisible Man",Freedom
"People demand freedom of speech as a compensation for the freedom of thought which they seldom use.","Søren Kierkegaard",Freedom
"Better to die fighting for freedom then be a prisoner all the days of your life.","Bob Marley",Freedom
"For to be free is not merely to cast off one's chains, but to live in a way that respects and enhances the freedom of others.","Nelson Mandela",Freedom
"It is better to remain silent at the risk of being thought a fool, than to talk and remove all doubt of it.","Maurice Switzer, Mrs. Goose, Her Book",Wisdom
"The fool doth think he is wise, but the wise man knows himself to be a fool.","William Shakespeare, As You Like It",Wisdom
"It is unwise to be too sure of one's own wisdom. It is healthy to be reminded that the strongest might weaken and the wisest might err.","Mahatma Gandhi",Wisdom
"If we encounter a man of rare intellect, we should ask him what books he reads.","Ralph Waldo Emerson",Wisdom
"Knowing yourself is the beginning of all wisdom.","Aristotle",Wisdom
"Whenever you find yourself on the side of the majority, it is time to reform (or pause and reflect).","Mark Twain",Wisdom
"The saddest aspect of life right now is that science gathers knowledge faster than society gathers wisdom.","Isaac Asimov",Wisdom
"It is the mark of an educated mind to be able to entertain a thought without accepting it.","Aristotle, Metaphysics",Wisdom
"Yesterday I was clever, so I wanted to change the world. Today I am wise, so I am changing myself.","Rumi",Wisdom
"The man of knowledge must be able not only to love his enemies but also to hate his friends.","Friedrich Nietzsche",Wisdom
"No one can make you feel inferior without your consent.","Eleanor Roosevelt, This is My Story",Wisdom
"The fool doth think he is wise, but the wise man knows himself to be a fool","William Shakespeare, As You Like It",Wisdom
"Knowing yourself is the beginning of all wisdom.","Aristotle",Wisdom
"The only true wisdom is in knowing you know nothing.","Socrates",Wisdom
"The saddest aspect of life right now is that science gathers knowledge faster than society gathers wisdom.","Isaac Asimov",Wisdom
"Once the travel bug bites there is no known antidote, and I know that I shall be happily infected until the end of my life.","Michael Palin",Travel
"I am not the same having seen the moon shine on the other side of the world.","Mary Anne Radmacheri",Travel
"Not all those who wander are lost.","J.R.R. Tolkien, The Fellowship of the Ring",Travel
"I travel light. But not at the same speed.","Jarod Kintz, The Days of Yay are Here! Wake Me Up When They're Over.",Travel
"I have found out that there ain't no surer way to find out whether you like people or hate them than to travel with them.","Mark Twain, Tom Sawyer Abroad",Travel
"I would advocate that chocolate be covered by health insurance, but that is admittedly a very French public policy perspective.","Mireille Guiliano",Health
"It is in the balancing of your spirituality with your humanity that you will find immeasurable happiness, success, good health, and love.","Steve Maraboli",Health
"Health is the greatest possession. Contentment is the greatest treasure. Confidence is the greatest friend.","Lao Tzu",Health
"When health is absent, wisdom cannot reveal itself, art cannot manifest, strength cannot fight, wealth becomes useless, and intelligence cannot be applied.","Herophilus",Health
"Money cannot buy health, but I'd settle for a diamond-studded wheelchair.","Dorothy Parker",Health
"Be careful about reading health books. Some fine day you'll die of a misprint.","Markus Herz",Health
"The First wealth is health.","Ralph Waldo Emerson",Health
"An over-indulgence of anything, even something as pure as water, can intoxicate.","Criss Jami",Health
"If we are creating ourselves all the time, then it is never too late to begin creating the bodies we want instead of the ones we mistakenly assume we are stuck with.","Deepak Chopra",Health
"I would advocate that chocolate be covered by health insurance, but that is admittedly a very French public policy perspective.","Mireille Guiliano",Health
"Let food be thy medicine and medicine be thy food.","Hippocrates",Health
"We are healthy only to the extent that our ideas are humane.","Kurt Vonnegut, Breakfast of Champions",Health
"Healthy citizens are the greatest asset any country can have.","Winston S. Churchill",Health
"Money cannot buy health, but I'd settle for a diamond-studded wheelchair.","Dorothy Parker",Health
"Health is the greatest possession. Contentment is the greatest treasure. Confidence is the greatest friend.","Lao Tzu",Health
"Religions are all alike- founded upon fables and mythologies.","Thomas Jefferson",Religion
"God has no religion.","Mahatma Gandhi",Religion
"One's own religion is after all a matter between oneself and one's Maker and no one else's.","Maker and no one else's.",Religion
"Religion. It's given people hope in a world torn apart by religion.","Jon Stewart",Religion
"A young man who wishes to remain a sound atheist cannot be too careful of his reading.","C.S. Lewis, Surprised by Joy",Religion
"Properly read, the Bible is the most potent force for atheism ever conceived.","Isaac Asimov",Religion
"No man can be called friendless who has God and the companionship of good books.","Elizabeth Barrett Browning",Religion
"God has no religion.","Mahatma Gandhi",Religion
"I cannot believe in a God who wants to be praised all the time.","Friedrich Nietzsche",Religion
"When I do good, I feel good. When I do bad, I feel bad. That's my religion.","Abraham Lincoln",Religion
"Man…who lives in three places – in the past, in the present, and in the future – can be unhappy if one of these three is worthless. Religion has even added a fourth – eternity.","Georg Christoph Lichtenberg",Religion
"Better to sleep with a sober cannibal than a drunk Christian.","Herman Melville, Moby-Dick",Religion
"Human decency is not derived from religion. It precedes it.","Christopher Hitchens, God is Not Great: How Religion Poisons Everything",Religion
"Do not wait for the last judgment. It comes every day.","Albert Camus",Religion
"This is my simple religion. No need for temples. No need for complicated philosophy. Your own mind, your own heart is the temple. Your philosophy is simple kindness.","Dalai Lama XIV",Religion
"Anyone who thinks sitting in church can make you a Christian must also think that sitting in a garage can make you a car.","Garrison Keillor",Religion
"When one person suffers from a delusion, it is called insanity. When many people suffer from a delusion it is called a Religion.","Robert M. Pirsig",Religion
"Science without religion is lame, religion without science is blind.","Albert Einstein",Religion
"With or without religion, good people can behave well and bad people can do evil; but for good people to do evil - that takes religion.","Steven Weinberg",Religion
"Hate the sin, love the sinner.","Mahatma Gandhi",Religion
"Those who are easily shocked should be shocked more often.","Mae West",Morality
"The books that the world calls immoral are books that show the world its own shame.","Oscar Wilde, The Picture of Dorian Gray",Morality
"I stopped believing there was a power of good and a power of evil that were outside us. And I came to believe that good and evil are names for what people do, not for what they are.","Philip Pullman, The Amber Spyglass",Morality
"What is law? Is it what is on the books, or what is actually enacted and obeyed in a society? Or is law what must be enacted and obeyed, whether or not it is on the books, if things are to go right?","Bernhard Schlink, The Reader",Morality
"There is perhaps no phenomenon which contains so much destructive feeling as 'moral indignation,' which permits envy or hate to be acted out under the guise of virtue.","Erich Fromm, Man for Himself: An Inquiry into the Psychology of Ethics",Morality
"It is forbidden to kill; therefore all murderers are punished unless they kill in large numbers and to the sound of trumpets.","Voltaire",Morality
"Do not be too moral. You may cheat yourself out of much life so. Aim above morality. Be not simply good, be good for something.","Henry David Thoreau",Morality
"Moral indignation is jealousy with a halo.","H.G. Wells, The Wife of Sir Isaac Harman",Morality
"Most of the evil in this world is done by people with good intentions.","T.S. Eliot",Morality
"The choices we make about the lives we live determine the kinds of legacies we leave.","Tavis Smiley, The Other Wes Moore: One Name, Two Fates",Morality
"The books that the world calls immoral are books that show the world its own shame.","Oscar Wilde, The Picture of Dorian Gray",Morality
"It's discouraging to think how many people are shocked by honesty and how few by deceit.","Noël Coward, Blithe Spirit",Morality
"Compassion is the basis of morality.","Arthur Schopenhauer",Morality
"Waste no more time arguing about what a good man should be. Be one.","Marcus Aurelius, Meditations",Morality
"The hottest places in hell are reserved for those who, in times of great moral crisis, maintain their neutrality.","Dante Alighieri",Morality
"Charity ain't giving people what you wants to give, it's giving people what they need to get.","Terry Pratchett",Charity
"Charity erodes the cultural prerequisites for a vigorous democracy.","Janet Poppendieck",Charity
"Behold I do not give lectures or a little charity, when I give I give myself.","Walt Whitman",Charity
"When you make an act of charity, or in my case of solidarity, you feel entitled to be as you are and to have what you have. Already you have paid your tax.","Xavier Velasco",Charity
"No one has ever become poor by giving.","Anne Frank",Charity
"No one has ever become poor by giving.","Anne Frank, diary of Anne Frank: the play",Charity
"It's not how much we give but how much love we put into giving.","Mother Theresa",Charity
"There is no exercise better for the heart than reaching down and lifting people up.","John Holmes",Charity
"When we give cheerfully and accept gratefully, everyone is blessed.","Maya Angelou",Charity
"We only have what we give.","Isabel Allende",Charity
"Time you enjoy wasting is not wasted time.","Marthe Troly-Curtin, Phrynette Married",Time
"How did it get so late so soon?","Dr. Seuss",Time
"Don't spend time beating on a wall, hoping to transform it into a door.","Coco Chanel",Time
"They always say time changes things, but you actually have to change them yourself.","Andy Warhol, The Philosophy of Andy Warhol",Time
"Those who make the worst use of their time are the first to complain of its brevity.","Jean de La Bruyère, Les Caractères",Time
"The greatest power of bureaucracies is to make the smart act stupid and the good to act evil.","Raul Ramos y Sanchez, Pancho Land",Bureaucracy
"Government! Three fourths parasitic and the other fourth Stupid fumbling.","Robert A. Heinlein, Stranger in a Strange Land",Bureaucracy
"Bureaucracy defends the status quo long past the time when the quo has lost its status.","Laurence J. Peter",Bureaucracy
"I sighed. I hated the maze of bureaucracy with a passion, but I've found the best way to deal with it is to smile and act stupid. That way, no one gets confused.","Kim Harrison, Dead Witch Walking",Bureaucracy
"Willpower subverts passion. Bureaucracy subverts willpower. Idiocy subverts bureaucracy.","Bauvard, Evergreens Are Prudish",Bureaucracy
"Government! Three fourths parasitic and the other fourth Stupid fumbling.","Robert A. Heinlein, Stranger in a Strange Land",Bureaucracy
"Some third person decides your fate: this is the whole essence of bureaucracy.","Kollontai Alexandra, La Oposicion Obrera",Bureaucracy
"The atmosphere of officialdom would kill anything that breathes the air of human endeavour, would extinguish hope and fear alike in the supremacy of paper and ink.","Joseph Conrad, The Shadow-Line",Bureaucracy
"Willpower subverts passion. Bureaucracy subverts willpower. Idiocy subverts bureaucracy.","Bauvard, Evergreens Are Prudish",Bureaucracy
"The greatest power of bureaucracies is to make the smart act stupid and the good to act evil.","Raul Ramos y Sanchez, Pancho Land",Bureaucracy
"Government! Three fourths parasitic and the other fourth Stupid fumbling.","Robert A. Heinlein, Stranger in a Strange Land",Bureaucracy
"Remove the document—and you remove the man.","Mikhail Bulgakov",Bureaucracy
"Bureaucracy, the rule of no one, has become the modern form of despotism.","Mary McCarthy",Bureaucracy
"There is something about a bureaucrat that does not like a poem.","Gore Vidal, Sex, Death and Money",Bureaucracy
"I did not know that bureaucracy could send its claws into our very coffins","Honoré de Balzac, History of the Thirteen",Bureaucracy
"To acquire knowledge, one must study; To acquire knowledge, one must study;","Marilyn Vos Savant",Knowledge
"When you reach the end of what you should know, you will be at the beginning of what you should sense.","Kahlil Gibran, Sand and Foam",Knowledge
"When you know better you do better.","Maya Angelou",Knowledge
"Remember my friend, that knowledge is stronger than memory, and we should not trust the weaker","Bram Stoker, Dracula",Knowledge
"To attain knowledge, add things everyday. To attain wisdom, remove things every day.","Lao Tzu",Knowledge
"The only true wisdom is in knowing you know nothing.","Socrates",Knowledge
"Any fool can know. The point is to understand.","Albert Einstein",Knowledge
"The greatest enemy of knowledge is not ignorance, it is the illusion of knowledge.","Daniel J. Boorstin",Knowledge
"When you know better you do better.","Maya Angelou",Knowledge
"For me, I am driven by two main philosophies: know more today about the world than I knew yesterday and lessen the suffering of others. You'd be surprised how far that gets you.","Neil deGrasse Tyson",Knowledge
"A friend is someone who knows all about you and still loves you.","Elbert Hubbard",Knowledge
"The only true wisdom is in knowing you know nothing.","Socrates",Knowledge
"Any fool can know. The point is to understand.","Albert Einstein",Knowledge
"I was gratified to be able to answer promptly, and I did. I said I didn’t know.","Mark Twain",Knowledge
"I did then what I knew how to do. Now that I know better, I do better.","Maya Angelou",Knowledge
"A friend is someone who knows all about you and still loves you.","Elbert Hubbard",Love
"The more I know of the world, the more I am convinced that I shall never see a man whom I can really love. I require so much!","Jane Austen, Sense And Sensibility",Love
"It is better to be hated for what you are than to be loved for what you are not.","Andre Gide, Autumn Leaves",Love
"It is not a lack of love, but a lack of friendship that makes unhappy marriages.","Friedrich Nietzsche",Love
"Have you ever been in love? Horrible isn't it? It makes you so vulnerable. It opens your chest and it opens up your heart and it means that someone can get inside you and mess you up.","Neil Gaiman, The Kindly Ones",Love
"A friend is someone who knows all about you and still loves you.","Elbert Hubbard",Love
"We accept the love we think we deserve.","Stephen Chbosky, The Perks of Being a Wallflower",Love
"It is better to be hated for what you are than to be loved for what you are not.","Andre Gide, Autumn Leaves",Love
"Love all, trust a few, do wrong to none.","William Shakespeare, All's Well That Ends Well",Love
"Love is that condition in which the happiness of another person is essential to your own.","Robert A. Heinlein, Stranger in a Strange Land",Love
"The older I grow, the more I distrust the familiar doctrine that age brings wisdom.","H.L. Mencken",Humour
"I think I've discovered the secret of life -- you just hang around until you get used to it.","Charles M. Schulz",Humour
"Sometimes you climb out of bed in the morning and you think, I'm not going to make it, but you laugh inside — remembering all the times you've felt that way.","Charles Bukowski",Humour
"If our Founding Fathers wanted us to care about the rest of the world, they wouldn't have declared their independence from it.","Stephen Colbert",Humour
"A woman without a man is like a fish without a bicycle.","Irina Dunn",Humour
"Those who believe in telekinetics, raise my hand.","Kurt Vonnegut",Humour
"Do not take life too seriously. You will never get out of it alive.","Elbert Hubbard",Humour
"I came from a real tough neighborhood. Once a guy pulled a knife on me. I knew he wasn't a professional, the knife had butter on it.","Rodney Dangerfield",Humour
"If you try to fail, and succeed, which have you done?","George Carlin",Humour
"To get back my youth I would do anything in the world, except take exercise, get up early, or be respectable.","Oscar Wilde",Humour
"I love deadlines. I love the whooshing noise they make as they go by.","Douglas Adams, The Salmon of Doubt",Humour
"""Do you hate people?"",""Charles Bukowski, Barfly"",""I don't hate them...I just feel better when they're not around.""","Charles Bukowski",Humour
"Sometimes you climb out of bed in the morning and you think, I'm not going to make it, but you laugh inside — remembering all the times you've felt that way.","Irina Dunn",Humour
"A woman without a man is like a fish without a bicycle.",,Humour
"If you're too open-minded; your brains will fall out.","Lawrence Ferlinghetti",Humour
"If you're too open-minded; your brains will fall out.","Lawrence Ferlinghetti",Humour
"To get back my youth I would do anything in the world, except take exercise, get up early, or be respectable.","Oscar Wilde",Humour
"If you want to make God laugh, tell him about your plans.","Woody Allen",Humour
"Life would be tragic if it weren't funny.","Stephen Hawking",Humour
"Do not take life too seriously. You will never get out of it alive.","Elbert Hubbard",Humour
"If you seek revenge, it means you're scared or you feel guilty for what happened in some way. It's okay to be angry with someone, but don't think about revenge. It's like a disease that eats you up.","David Miller",Revenge
"Revenge may be wicked, but it’s natural.","William Makepeace Thackeray",Revenge
"I'm a fighter. I believe in the eye-for-an-eye business. I'm no cheek turner. I got no respect for a man who won't hit back. You kill my dog, you better hide your cat.","Muhammad AN, The Greatest My Own Story",Revenge
"If you want a revenge, don't hold it. It poisons you. Either you just let the grudge go, or make him chary.","Toba Beta, My Ancestor Was an Ancient Astronaut",Revenge
"An eye for an eye will only make the whole world blind.","Mahatma Gandhi",Revenge
"Revenge has it's own special taste","Job",Revenge
"Revenge, the sweetest morsel to the mouth that ever was cooked in hell.","Walter Scott, The Heart of Mid-Lothian",Revenge
"If you want a revenge, don't hold it. It poisons you. Either you just let the grudge go, or make him chary.","Toba Beta, My Ancestor Was an Ancient Astronaut",Revenge
"Anger, resentment and jealousy doesn't change the heart of others-- it only changes yours.","Shannon Alder",Revenge
"The best revenge is to be unlike him who performed the injury.","Marcus Aurelius, Meditations",Revenge
"An eye for an eye will only make the whole world blind.","Mahatma Gandhi",Revenge
"Revenge, the sweetest morsel to the mouth that ever was cooked in hell.","Walter Scott, The Heart of Mid-Lothian",Revenge
"Revenge proves its own executioner.","John Ford, The Broken Heart",Revenge
"The best revenge is not to be like your enemy.","Marcus Aurelius, Meditations",Revenge
"Beware the fury of a patient man.","John Dryden",Revenge
"Gossip is just a tool to distract people who have nothing better to do from feeling jealous of those few of us still remaining with noble hearts.","Anna Godbersen, Splendor",Gossip
"I get accused all the time of having a big mouth. But if you ask me, guys gossip way more than girls do.","Meg Cabot",Gossip
"Don't waste your time with explanations: people only hear what they want to hear.","Paulo Coelho",Gossip
"People like to think the worst. They like to have hushed gossip sessions and point their fingers at someone's problems that are more obvious than their own.","Marcia Lynn McClure",Gossip
"Great minds discuss ideas. Average minds discuss events. Small minds discuss people.","Henry Thomas Buckle",Gossip
"I'm not afraid of death; I just don't want to be there when it happens.","Woody Allen",Death
"The fear of death follows from the fear of life. A man who lives fully is prepared to die at any time.","Mark Twain",Death
"It is said that your life flashes before your eyes just before you die. That is true, it's called Life.","Terry Pratchett, The Last Continent",Death
"Death is not the opposite of life, but a part of it.","Haruki Murakami",Death
"No one really knows why they are alive until they know what they'd die for.","Martin Luther King Jr.",Death
"Success is not final, failure is not fatal: it is the courage to continue that counts.","Winston S. Churchill",Success
"If at first you don't succeed, try, try again. Then quit. No use being a damn fool about it.","W.C. Fields",Success
"Try not to become a man of success. Rather become a man of value.","Albert Einstein",Success
"Have no fear of perfection - you'll never reach it.","Salvador Dali",Success
"I can't give you a sure-fire formula for success, but I can give you a formula for failure: try to please everybody all the time.","Herbert Bayard Swope",Success
"You never have to change anything you got up in the middle of the night to write.","Saul Bellow",Imagination
"I am enough of an artist to draw freely upon my imagination.Imagination is more important than knowledge. Knowledge is limited. Imagination encircles the world.","Albert Einstein",Imagination
"Imagination does not become great until human beings, given the courage and the strength, use it to create.","Maria Montessori",Imagination
"People don't read any more. It's a sad state of affairs. Reading's the only thing that allows you to use your imagination. When you watch films it's someone else's vision, isn't it?","Lemmy Kilmister",Imagination
"Living too much in one's head can be dangerous.","Anna Godbersen, Rumors",Imagination
"Wealth is not without its advantages and the case to the contrary, although it has often been made, has never proved widely persuasive.","John Kenneth Galbraith, The Affluent Society",Wealth
"That's why they call it the American Dream, because you have to be asleep to believe it.","George Carlin",Wealth
"The test of our progress is not whether we add more to the abundance of those who have much; it is whether we provide enough for those who have too little.","Franklin D. Roosevelt",Wealth
"Seek not greater wealth, but simpler pleasure; not higher fortune, but deeper felicity.","Mahatma Ghandi",Wealth
"Wealth is the slave of a wise man. The master of a fool ","Seneca",Wealth
"That's why they call it the American Dream, because you have to be asleep to believe it.","George Carlin",Wealth
"Wealth is the parent of luxury and indolence, and poverty of meanness and viciousness, and both of discontent.","Plato",Wealth
"Wealth is like sea-water; the more we drink, the thirstier we become; and the same is true of fame.","Arthur Schopenhauer",Wealth
"If we command our wealth, we shall be rich and free. If our wealth commands us, we are poor indeed.","Edmund Burke",Wealth
"A man is rich in proportion to the number of things which he can afford to let alone.","Henry David Thoreau, Walden",Wealth
"I was doing something I'd never done before. And what will I be able to do tomorrow that I cannot yet do today?","Elizabeth Gilbert, Eat, Pray, Love",Future
"We can become inspired to shape a higher, more ideal future, and when we do, miracles happen.","James Redfield, The Tenth Insight: Holding the Vision",Future
"The future belongs to those who believe in the beauty of their dreams.","Eleanor Roosevelt",Future
"Girls you've gotta know when it's time to turn the page.","Tori Amos, Tori Amos: From the Choirgirl Hotel",Future
"It's amazing how a little tomorrow can make up for a whole lot of yesterday.","John Guare, Landscape of the Body",Future
"Learn to value yourself, which means: fight for your happiness.","Ayn Rand",Happiness
"Happiness depends upon ourselves.","Aristotle",Happiness
"Happiness is not a goal...it's a by-product of a life well lived.","Eleanor Roosevelt",Happiness
"Love is too precious to be ashamed of.","Laurell K. Hamilton, A Stroke of Midnight",Happiness
"There's nothing like deep breaths after laughing that hard. Nothing in the world like a sore stomach for the right reasons.","Stephen Chbosky, The Perks of Being a Wallflower",Happiness
"It's the friends you can call up at 4 a.m. that matter.","Marlene Dietrich",Friendship
"Anybody can sympathise with the sufferings of a friend, but it requires a very fine nature to sympathise with a friend's success.","Oscar Wilde",Friendship
"I ask you to judge me by the enemies I have made.","Franklin D. Roosevelt",Friendship
"Friendship is the hardest thing in the world to explain. It's not something you learn in school. But if you haven't learned the meaning of friendship, you really haven't learned anything.","Muhammad Ali",Friendship
"A friend is someone who knows all about you and still loves you.","Elbert Hubbard",Friendship
"The truth is, everyone is going to hurt you. You just got to find the ones worth suffering for.","Bob Marley",Friendship
"Why is it,""he said, one time, at the subway entrance, ""I feel I've known you so many years?""""Because I like you,"" she said, ""and I don't want anything from you.","Ray Bradbury, Fahrenheit 451",Friendship
"Nothing makes the earth seem so spacious as to have friends at a distance; they make the latitudes and longitudes.","Henry David Thoreau",Friendship
"There is nothing better than a friend, unless it is a friend with chocolate.","Linda Grayson",Friendship
"What is a friend? A single soul dwelling in two bodies.","Aristotle",Friendship
"God created war so that Americans would learn geography.","Mark Twain",War
"I know not with what weapons World War III will be fought, but World War IV will be fought with sticks and stones.","Albert Einstein",War
"It is forbidden to kill; therefore all murderers are punished unless they kill in large numbers and to the sound of trumpets.","Voltaire",War
"Appear weak when you are strong, and strong when you are weak.","Sun Tzu, The Art of War",War
"Only the dead have seen the end of war.","Plato",War
"To burn with desire and keep quiet about it is the greatest punishment we can bring on ourselves.","Federico García Lorca, Blood Wedding and Yerma",Punishment
"The liar's punishment is, not in the least that he is not believed, but that he cannot believe anyone else.","George Bernard Shaw, The Quintessence of Ibsenism",Punishment
"When a man is penalized for honesty he learns to lie.","Criss Jami, Salomé: In Every Inch In Every Mile",Punishment
"The man who has a conscience suffers whilst acknowledging his sin. That is his punishment.","Fyodor Dostoyevsky, Crime and Punishment",Punishment
"Criminals do not die by the hands of the law. They die by the hands of other men.","George Bernard Shaw, Man and Superman",Punishment
"The saddest aspect of life right now is that science gathers knowledge faster than society gathers wisdom.","Isaac Asimov",Science
"Science without religion is lame, religion without science is blind.","Albert Einstein",Science
"Somewhere, something incredible is waiting to be known.","Carl Sagan",Science
"The good thing about science is that it's true whether or not you believe in it.","Neil deGrasse Tyson",Science
"Two things are infinite: the universe and human stupidity; and I'm not sure about the universe.","Albert Einstein",Science
"Any sufficiently advanced technology is indistinguishable from magic.","Arthur C. Clarke, Profiles of the Future: An Inquiry Into the Limits of the Possible",Technology
"We are stuck with technology when what we really want is just stuff that works.","Douglas Adams, The Salmon of Doubt",Technology
"Technological progress has merely provided us with more efficient means for going backwards.","Aldous Huxley, Ends and Means",Technology
"It's supposed to be automatic, but actually you have to push this button.","John Brunner, Stand on Zanzibar",Technology
"Books don't need batteries.","Nadine Gordimer",Technology
"When a man is denied the right to live the life he believes in, he has no choice but to become an outlaw.","Nelson Mandela",Crime
"For the powerful, crimes are those that others commit.","Noam Chomsky",Crime
"Poverty is the parent of revolution and crime.","Aristotle",Crime
"To have once been a criminal is no disgrace. To remain a criminal is the disgrace","Malcolm X",Crime
"Some people steal to stay alive, and some steal to feel alive. Simple as that.","V.E. Schwab, A Darker Shade of Magic",Crime
"You might be poor, your shoes might be broken, but your mind is a palace.","Frank McCourt, Angela's Ashes",Poverty
"There are people in the world so hungry, that God cannot appear to them except in the form of bread.","Mahatma Gandhi",Poverty
"When I give food to the poor, they call me a saint. When I ask why the poor have no food, they call me a communist.","Dom Helder Camara",Poverty
"We are not rich by what we possess but by what we can do without.","Immanuel Kant",Poverty
"Poverty is the parent of revolution and crime.","Aristotle",Poverty
"Think of all the beauty still left around you and be happy.","Anne Frank",Beauty
"It is amazing how complete is the delusion that beauty is goodness.","Leo Tolstoy, The Kreutzer Sonata",Beauty
"You are imperfect, permanently and inevitably flawed. And you are beautiful.","Amy Bloom",Beauty
"There are as many styles of beauty as there are visions of happiness.","Stendhal",Beauty
"There is no exquisite beauty… without some strangeness in the proportion.","Edgar Allan Poe",Beauty
"What a weary time those years were -- to have the desire and the need to live but not the ability.","Charles Bukowski, Ham on Rye",Youth
"It's never too late to have a happy childhood.","Tom Robbins, Still Life with Woodpecker",Youth
"It takes a very long time to become young.","Pablo Picasso",Youth
"Youth is a dream, a form of chemical madness.","F. Scott Fitzgerald, Tales of the Jazz Age",Youth
"Youth offers the promise of happiness, but life offers the realities of grief.","Nicholas Sparks, The Rescue",Youth
"I am incapable of conceiving infinity, and yet I do not accept finity. I want this adventure that is the context of my life to go on without end.","Simone de Beauvoir , La Vieillesse",Ageing
"...inside every old person is a young person wondering what happened.","Terry Pratchett, Moving Pictures",Ageing
"I was brought up to respect my elders, so now I don't have to respect anybody.","Pablo Picasso",Ageing
"Youth is a dream, a form of chemical madness.","George Burns",Ageing
"Many things can prolong your life, but only wisdom can save it.","Neel Burton",Ageing
"Out of suffering have emerged the strongest souls; the most massive characters are seared with scars.","Kahlil Gibran",Suffering
"The wound is the place where the Light enters you.","Rumi",Suffering
"One thing you can't hide - is when you're crippled inside.","John Lennon",Suffering
"There is no beauty in sadness. No honor in suffering. No growth in fear. No relief in hate. It’s just a waste of perfectly good happiness.","Katerina Stoykova Klemer",Suffering
"Nobody can tell what I suffer! But it is always so. Those who do not complain are never pitied.","Jane Austen, Pride and Prejudice",Suffering
"Nothing of me is original. I am the combined effort of everyone I've ever known.","Chuck Palahniuk, Invisible Monsters",Originality
"Books serve to show a man that those original thoughts of his aren't very new after all.","Abraham Lincoln",Originality
"An original idea. That can't be too hard. The library must be full of them.","Stephen Fry",Originality
"All my best thoughts were stolen by the ancients.","Ralph Waldo Emerson",Originality
"Only those with no memory insist on their originality.","Coco Chanel",Originality
"To be yourself in a world that is constantly trying to make you something else is the greatest accomplishment.","Ralph Waldo Emerson",Conformity
"I think the reward for conformity is that everyone likes you except yourself.","Rita Mae Brown",Conformity
"It is no measure of health to be well adjusted to a profoundly sick society.","J. Krishnamurti",Conformity
"It's weird not to be weird.","John Lennon",Conformity
"Every generation laughs at the old fashions, but follows religiously the new.","Henry David Thoreau, Walden",Conformity
